,relative_error,Latitude,Longitude
0,77.1479656519077,-32.12,150.84
1,3.73252594797981,-30.99,149.84
2,118.4012778424577,-30.99,150.25
3,85.85444987357181,-32.12,148.7
4,35.15119822502346,-30.99,150.25
5,20.1426568095803,-30.66,149.94
6,55.41284504153449,-32.25,150.67
7,40.354197042708805,-32.27,150.48
8,9.126366263666,-31.04,150.12
9,3.2159246178875054,-31.15,150.19
10,13.04134659296178,-32.11,148.66
11,38.00694163802529,-30.88,149.76
12,90.2730360771718,-31.3,148.67
13,9.11618575307127,-32.35,150.63
14,24.949063732688842,-32.33,151.96
15,4.943256333048927,-32.93,150.24
16,6.231726950711225,-31.22,150.56
17,27.841687792848685,-32.43,150.67
18,9.809182433875923,-31.02,150.21
19,22.880255568491542,-31.03,150.23
20,3.999012000118951,-30.98,150.25
21,2.933364379734998,-29.35,150.2
22,1.8459871353372452,-32.66,151.01
23,19.923610396126424,-33.49,150.83
24,5.268646820067959,-30.98,150.12
25,32.23143282271463,-31.82,149.42
26,20.425538639043314,-31.51,149.51
27,17.60799135207133,-32.42,150.7
28,22.150925182679913,-30.68,149.85
29,11.505515459055683,-30.68,149.87
30,10.763370351417823,-32.64,151.21
31,5.9616570242613225,-32.76,150.11
32,0.16448027739420223,-32.34,151.96
33,1.2274154606647003,-31.05,150.1
34,3.9661404764201285,-31.54,149.52
35,2.348522530070829,-32.24,150.86
36,3.9198437381926006,-32.81,150.14
37,30.60711042211398,-32.31,151.96
38,5.739315427609626,-32.34,151.94
39,11.881488665060946,-31.83,149.43
40,12.935132729314768,-32.15,149.8
41,4.281045231271766,-32.01,148.63
42,1.4329602893539528,-34.52,150.33
43,0.7670594541764458,-31.11,150.31
44,1.9652301609771752,-34.19,150.76
45,7.423673038783576,-32.36,150.71
46,1.6966282018961871,-32.18,150.45
47,2.813079458968365,-31.4,149.94
48,15.836879891651213,-31.47,148.91
49,4.790748160156875,-31.09,149.99
50,4.345184866139325,-34.05,150.55
51,12.397973123079481,-32.32,151.95
52,0.7634595664152767,-32.26,149.87
53,7.936750802284358,-32.28,150.63
54,2.4934113249877075,-30.66,150.05
55,2.176101757032811,-32.47,150.0
56,2.9555205553799437,-31.27,149.59
57,1.0232762715150308,-32.37,150.46
58,38.75057088786609,-31.26,149.55
59,10.0867606419301,-32.14,150.31
60,3.2358000903873854,-32.34,150.64
61,2.9053991374265213,-31.52,150.46
62,72.027364223529,-31.94,149.68
63,0.06256645651117329,-29.94,149.87
64,2.0133034904551983,-31.03,150.16
65,3.8543247581831332,-32.33,151.96
66,0.5924185989840784,-32.12,148.61
67,3.4770126108697736,-31.82,149.57
68,1.3724924642358618,-32.29,149.95
69,2.504372295110712,-32.54,150.69
70,8.927230572042141,-32.31,151.96
71,4.302150824253945,-32.27,149.96
72,0.8783210497821727,-32.56,150.37
73,3.346384017942877,-32.33,150.11
74,31.06784017521808,-30.81,149.8
75,1.9642284886015504,-30.79,150.2
76,3.3847921293012977,-32.22,149.77
77,2.1602620253593448,-31.21,150.08
78,2.909163350205558,-31.08,149.7
79,3.7688271602004657,-30.64,150.15
80,5.114371052222134,-34.72,150.1
81,7.711390123749953,-31.0,150.23
82,4.033793443021466,-32.07,148.65
83,1.1806851576835615,-30.18,149.96
84,3.1306420806749817,-32.27,150.74
85,2.5170185733975,-31.98,148.63
86,0.4422753266972333,-33.77,151.12
87,0.3573124353536524,-32.14,148.66
88,4.408397046326047,-32.2,150.35
89,1.3629602746330358,-32.25,150.41
90,7.057591823167762,-32.27,149.96
91,10.543392690947417,-31.98,148.61
92,3.052560495238987,-32.12,150.87
93,5.912770783806165,-31.37,149.82
94,3.5440690099993906,-32.02,148.46
95,6.9821500043344855,-32.38,150.53
96,0.262339360654815,-31.1,150.05
97,1.714769381091192,-32.35,150.13
98,3.7665569322301025,-31.0,150.24
99,2.528865741088981,-31.45,150.41
100,1.3207820637746504,-34.43,150.4
101,0.7403243788200559,-30.43,149.93
102,2.340327991635442,-33.57,150.68
103,0.3171459119023402,-34.49,150.38
104,2.0779073187306403,-34.52,150.48
105,2.8908064387512353,-31.17,149.6
106,4.305416711313662,-32.54,150.67
107,1.8165559197520749,-34.23,150.58
108,14.733114055762385,-32.36,150.59
109,2.4694233559454157,-32.14,150.71
110,2.7813414121024027,-32.1,148.61
111,6.562533483132713,-32.2,150.35
112,2.051086613062757,-31.06,150.46
113,4.165348815996693,-32.15,150.12
114,4.230769567271466,-32.12,148.61
115,0.37522893293852944,-34.23,150.56
116,0.7183226792164671,-30.29,150.01
117,3.316821045506217,-31.23,150.46
118,3.8594576015912785,-30.61,150.03
119,0.3744239418030003,-33.06,151.67
120,21.71080140994264,-33.59,150.73
121,0.716928700208972,-31.31,150.15
122,3.5636645301900707,-33.52,150.76
123,4.155871721652195,-31.39,150.65
124,1.3603399058061352,-31.33,150.69
125,3.355364489393013,-31.6,150.68
126,1.8826028269768733,-32.5,151.94
127,0.2323074923037147,-31.67,150.7
128,8.838187147394681,-31.35,150.71
129,1.2230744876062984,-31.69,150.7
130,4.124001125711647,-32.59,151.03
131,0.39429512661797783,-31.05,150.16
132,0.5627400745645638,-34.17,150.78
133,0.5220354925172528,-32.81,151.87
134,0.510256165626787,-34.23,150.56
135,1.170823885117452,-32.44,150.46
136,0.8663549119428297,-32.17,150.86
137,1.210153711974659,-34.48,150.43
138,0.13558186227061608,-31.35,150.72
139,2.696186149529012,-34.61,150.71
140,0.7813800028904212,-32.13,148.61
141,0.3721485991210277,-30.44,150.0
142,0.349272282915008,-32.18,148.65
143,0.6120371271807673,-31.84,149.91
144,1.2018803757326324,-32.48,150.48
145,1.226851056476206,-34.28,150.52
146,2.5233746363040064,-30.43,149.95
147,1.446296488579656,-30.52,150.14
148,2.8148876308890958,-34.09,150.55
149,3.728232604377226,-34.2,150.56
150,16.518425932820954,-30.71,149.88
151,0.6064720246940272,-33.5,150.73
152,1.070116562165249,-33.62,150.74
153,0.9947245404562846,-31.01,150.26
154,0.23444470737862946,-32.14,150.13
155,3.021662325240627,-32.14,150.86
156,0.7520829016908019,-28.96,150.68
157,0.6114435680799708,-33.76,150.65
158,0.29020448781839053,-32.15,148.64
159,1.1672386339265963,-32.53,150.69
160,1.035925129627135,-32.17,149.79
161,0.3661934122839348,-31.11,149.7
162,1.8181560112145192,-34.58,150.72
163,0.5680161406055331,-34.19,150.55
164,0.6161700527656627,-31.08,149.89
165,0.0996036345012631,-34.48,150.36
166,0.0019048998417029559,-31.45,150.03
167,1.537404820584942,-33.5,150.71
168,0.3844833219531219,-30.54,149.73
169,1.5717889466920263,-32.75,151.08
170,0.5514741206349068,-34.06,150.66
171,2.4797066307482414,-32.38,149.98
172,0.19258950489533752,-34.1,150.62
173,0.27003820632673853,-31.81,148.08
174,2.2177976713703678,-33.51,150.9
175,3.4996507640745156,-31.02,150.14
176,0.7150949468159152,-32.6,151.02
177,0.9070263061211628,-30.5,149.71
178,0.05335942394369328,-31.59,149.82
179,2.039637980954643,-31.52,150.75
180,1.0194833757699646,-30.04,149.84
181,0.7061148537164177,-30.94,149.86
182,0.8014678953848937,-29.55,150.16
183,8.618719010127178,-31.66,150.68
184,2.844334134296279,-30.52,148.97
185,2.080845601252973,-29.74,149.65
186,0.1876916007726846,-34.57,150.26
187,0.010679507846109732,-30.1,149.75
188,0.13981701806435273,-31.55,149.87
189,1.2230336619692996,-30.03,149.66
190,0.5067536117442327,-28.76,150.48
191,1.6739965397449068,-32.35,150.13
192,0.58817779029528,-31.53,150.34
193,0.10193579462237377,-33.53,150.82
194,3.2150721156433733,-32.65,151.02
195,0.42712082292588194,-31.61,149.64
196,0.3782557390276173,-32.56,150.69
197,0.1299781413511436,-34.51,150.57
198,0.7136399458907831,-35.39,150.45
199,0.825618987855737,-34.05,150.52
200,0.5766558554291799,-32.19,149.79
201,0.25091708588848916,-32.15,148.63
202,0.46830301666116436,-34.79,150.67
203,1.1612847329356735,-30.22,149.53
204,0.463980457762685,-33.5,150.77
205,4.841111315263527,-34.57,150.25
206,2.9954079523997326,-30.11,149.78
207,1.5613824635627085,-29.01,150.72
208,0.16621350807965268,-33.41,150.55
209,0.19120169117064575,-31.37,150.12
210,0.0530786665387527,-29.95,150.01
211,0.3700073947650561,-31.22,148.94
212,0.04932451758528624,-34.36,150.62
213,0.42756760978529534,-31.61,149.88
214,0.2794991875804408,-34.19,150.58
215,0.7254443373117726,-29.47,150.15
216,0.7140205414513765,-34.07,150.53
217,0.34571348473309943,-31.95,148.37
218,0.4408202726094858,-32.13,148.6
219,0.5935815380485879,-30.92,150.25
220,0.09473012059419371,-32.14,150.83
221,1.1173490494742333,-32.03,150.61
222,0.9507566332174411,-33.31,151.2
223,0.5663770875682664,-30.25,149.81
224,0.46162940156953935,-34.32,150.61
225,1.2792245297167335,-32.04,150.61
226,0.7265682996998557,-33.54,150.93
227,0.13630788333024005,-30.24,149.56
228,1.6235175224148048,-32.65,151.02
229,0.627177694875724,-29.05,150.62
230,0.6820201414577797,-30.91,150.26
231,1.6186973997041585,-30.13,149.55
232,0.635881965098732,-33.68,150.98
233,1.0620331725677687,-30.81,149.15
234,4.2777438840306825,-30.14,149.59
235,1.0782159438967478,-34.51,150.52
236,0.8325320944711712,-33.42,151.33
237,0.18986932312377874,-33.48,151.39
238,0.8939628024853516,-31.28,150.14
239,0.3492839669787952,-34.41,150.48
240,1.9119453494641296,-34.5,150.47
241,0.4097346649097969,-34.12,150.51
242,0.12445986510281898,-34.51,150.46
243,0.341022255424474,-33.54,150.93
244,0.12918376820112168,-32.84,151.52
245,3.1336074780328196,-34.52,150.52
246,0.9390508458380709,-30.09,149.56
247,0.4416791355676412,-33.51,150.87
248,1.679055396370787,-30.88,150.2
249,0.4527148656631637,-30.82,150.2
250,0.31553083097558504,-33.49,151.42
251,3.4668042094506455,-30.88,150.21
252,0.02791927378113924,-32.83,151.52
253,1.5944529068339097,-34.2,150.54
254,0.6564828600208518,-30.88,150.23
255,2.590027828978459,-29.09,150.73
256,0.25737681413125574,-30.15,150.09
257,0.143863279070522,-32.55,150.08
258,0.6963094695988293,-33.77,150.63
259,1.5230916353844512,-34.47,150.29
260,1.0122905856196087,-33.11,151.65
261,0.11918020751717995,-33.51,151.11
262,1.3620806043203935,-34.43,150.31
263,0.40841412027994767,-35.07,150.69
264,1.3325854252375353,-35.02,150.83
265,0.21882344541057655,-34.18,150.53
266,0.5586166319176447,-32.76,151.84
267,0.2397552974719144,-33.71,151.2
268,1.0398445491133481,-33.51,151.4
269,0.7180767874612952,-34.6,150.31
270,0.6236519518606203,-34.51,150.75
271,0.3496848270039125,-34.59,150.46
272,0.11886040340711956,-34.85,150.52
273,0.27070664178134385,-33.51,150.63
274,0.09464785979084096,-32.77,151.86
275,0.509008037638071,-33.68,150.34
276,0.24420644844215347,-32.78,151.74
277,0.24444039144937652,-34.5,150.26
278,0.059076302807659534,-34.77,150.74
279,0.17758410602692884,-33.23,151.23
280,0.3601808901996494,-33.21,151.21
281,0.17282227139204648,-32.46,151.96
282,0.02487580385376661,-34.54,150.63
283,0.3794168753359816,-33.26,151.22
284,0.37218973433513114,-34.21,150.56
285,0.04575465097621179,-34.53,150.56
286,0.20251051575432585,-33.73,151.25
287,0.0214127778131352,-33.03,151.76
288,0.20904391777883674,-33.76,151.26
289,0.5545636905442666,-33.21,151.21
290,0.46409300893411015,-34.57,150.63
291,0.3040828745589943,-34.64,150.47
292,0.1277097784637969,-34.51,150.52
293,0.40205604780324056,-34.62,150.44
294,0.2973204852948223,-33.33,151.24
295,0.635785612293796,-33.33,151.17
296,0.1203621888788883,-34.63,150.47
297,0.3296561715777375,-33.35,151.19
298,0.4340099996423733,-34.61,150.58
299,0.4033220857814531,-33.23,151.17
300,0.28391633121626647,-34.76,150.65
301,0.4704522401628422,-34.63,150.56
302,0.34221542505445457,-33.39,151.22
303,0.7806849106268098,-33.01,151.75
304,0.4259927155596005,-33.31,151.25
305,0.4312890669195718,-34.53,150.58
306,0.454318783224841,-33.31,151.2
307,0.3641577034040718,-33.22,151.22
308,0.4438281552324234,-33.35,151.16
309,0.6054233856433974,-33.34,151.23
310,67.09496299106705,-32.1,148.72
311,5.978184706752161,-30.99,150.25
312,49.2129673213497,-30.99,150.25
313,84.94860444298902,-30.73,149.97
314,36.30538825175762,-30.38,149.93
315,72.67023237970487,-31.6,150.64
316,45.46367501399464,-32.35,150.94
317,20.347214101842436,-32.08,148.71
318,30.01505919704893,-30.13,149.61
319,18.535265138259504,-30.98,150.25
320,50.82152249328112,-31.84,149.49
321,16.504310128745978,-31.17,150.16
322,3.200265618563647,-32.11,150.76
323,50.37708578338829,-32.26,150.85
324,17.34959978481982,-30.99,150.1
325,14.922817104001265,-32.26,150.77
326,16.34964563008911,-32.68,151.36
327,3.038550848057795,-32.29,150.54
328,11.046001295567077,-32.7,151.33
329,3.9134593805044426,-31.81,149.6
330,27.123316306933315,-30.76,150.17
331,2.9435750570461745,-31.25,150.25
332,6.258057544012218,-32.16,150.79
333,8.48720588917715,-32.36,150.83
334,15.27441034002085,-31.02,150.05
335,43.29176758989136,-30.15,149.7
336,7.294324292978998,-30.39,149.98
337,1.7300913649432135,-32.14,148.61
338,16.0644129739282,-30.98,150.14
339,4.413314893599188,-32.28,149.9
340,11.665359128283733,-31.01,150.06
341,7.6540988831054255,-30.73,149.9
342,3.1829596910628433,-31.7,149.04
343,6.849244797170289,-32.34,151.96
344,1.3761992059437942,-30.39,150.0
345,7.378369208846444,-30.37,149.97
346,3.3619263534577444,-31.39,150.27
347,6.113874508859392,-34.29,150.58
348,13.001782289248878,-31.26,150.66
349,51.61375864543616,-34.57,150.3
350,0.3434690213778734,-31.8,149.56
351,11.48511430764847,-32.07,148.68
352,2.2440644040845044,-32.0,149.09
353,4.482377279997684,-31.66,150.59
354,5.158661423969573,-34.01,150.56
355,42.102492803881276,-32.26,150.88
356,4.401033169410837,-31.65,148.81
357,1.8505900215743785,-31.0,150.25
358,13.262242691195842,-31.59,149.59
359,3.5634870381289945,-34.16,150.57
360,2.218568942319878,-34.93,150.54
361,0.15920238065380626,-32.26,150.51
362,10.608318272871374,-32.62,150.0
363,2.0653677648495745,-31.38,149.83
364,2.3107750659747532,-32.13,148.65
365,39.51384083352027,-32.38,151.94
366,38.687027755285165,-31.59,150.49
367,2.393627062986933,-32.26,150.5
368,2.1742746561576425,-31.67,150.38
369,6.919138562552741,-33.12,151.41
370,1.0191607528833586,-32.38,150.81
371,5.956064286622048,-32.31,150.07
372,22.99893535562634,-31.0,150.23
373,17.369548618433164,-31.15,149.47
374,0.5944437147768346,-32.31,151.96
375,50.753430294469425,-34.0,150.6
376,3.944142539898904,-32.32,151.96
377,0.6228508976524303,-32.88,150.17
378,1.538753929433357,-32.33,151.96
379,17.46975710698649,-30.4,149.82
380,0.9963511207723116,-31.79,150.59
381,3.076380270367581,-34.5,150.78
382,16.537796885991757,-32.28,149.95
383,1.619554410627357,-32.39,150.8
384,55.7288821424764,-32.11,148.63
385,0.20991980483903466,-30.52,149.89
386,2.41868469838426,-32.5,150.67
387,1.7427010315000528,-32.26,150.9
388,3.9890638732231896,-32.12,148.63
389,5.073302805665358,-32.28,150.62
390,3.8169896081791554,-32.05,148.55
391,0.43844342142932513,-31.25,150.58
392,2.5847001038886597,-32.58,150.37
393,2.3811183993899316,-34.14,150.51
394,2.000154551190492,-31.61,150.2
395,5.3629016439524415,-31.24,149.37
396,1.5230029142398485,-32.22,149.77
397,0.8113289580141182,-32.12,148.61
398,10.826768930059316,-34.72,150.1
399,0.9836171939482913,-30.98,150.13
400,0.36092513078115035,-34.26,150.72
401,0.8723006811351605,-32.35,150.79
402,2.0699585010964787,-30.34,149.99
403,2.23495855558054,-31.87,148.5
404,0.2745757056662491,-30.9,150.11
405,1.7605936068796704,-34.48,150.4
406,1.7848259499204138,-31.6,150.49
407,0.12623620113308973,-32.23,150.85
408,5.446177079400551,-32.24,150.83
409,5.967000647257176,-30.78,149.82
410,0.244141723870523,-31.79,149.78
411,0.4733652990870751,-34.23,150.57
412,1.8179760048675742,-34.25,150.54
413,5.2972795421453185,-31.94,148.66
414,1.4009690252409817,-31.7,149.02
415,0.6312727718264712,-32.99,151.39
416,0.34481697143601336,-30.29,149.98
417,0.6321850290428687,-32.21,150.35
418,0.0567124486878497,-31.88,150.61
419,0.3873971598758443,-33.39,151.36
420,0.3341793964373072,-32.14,148.63
421,0.4448559553515194,-31.26,149.64
422,4.122792865054505,-32.21,148.69
423,1.1441091955443832,-30.32,149.58
424,18.119848561103403,-32.22,150.85
425,0.40536394675299453,-31.27,150.51
426,13.764068503299468,-30.06,150.01
427,1.5372746639965251,-34.72,150.1
428,1.214872676135872,-32.59,150.77
429,0.7763827615693573,-31.55,150.69
430,1.4458347214831566,-34.22,150.59
431,3.8494031267629887,-31.4,150.61
432,0.38904008412213814,-32.52,150.67
433,0.2968288397026272,-34.54,150.46
434,0.0597047530204508,-34.06,150.63
435,0.026307111754551103,-29.89,149.84
436,0.3102657903970678,-29.9,149.87
437,1.4803771713658387,-29.39,150.74
438,8.54827018007679,-30.74,150.17
439,0.5498896092026812,-30.71,149.06
440,2.5284209299530493,-34.29,150.61
441,0.07042725425038152,-34.16,150.53
442,2.9491199073344943,-31.97,148.65
443,0.7809914972643599,-31.4,150.65
444,11.739155289767716,-29.9,149.87
445,0.8637583210629932,-31.76,149.09
446,0.9455672974275147,-31.54,150.69
447,0.06170519424592177,-30.39,149.76
448,0.12843998844796306,-31.55,150.68
449,15.81017666050587,-30.31,149.18
450,0.2753508541900485,-33.45,150.73
451,0.7808629226027896,-31.82,149.82
452,0.9159375563324674,-30.45,149.97
453,0.059069340153651964,-30.93,149.89
454,17.68821691692773,-31.35,150.09
455,0.30455831899103053,-31.01,150.14
456,0.28668617835591487,-32.14,150.86
457,0.6645177320253962,-33.45,150.73
458,0.9546295068476072,-30.98,149.89
459,0.7755868118701458,-32.13,150.12
460,0.23034513097629503,-34.32,150.58
461,0.6648075935357968,-32.36,150.44
462,2.145415069047342,-31.38,150.07
463,5.163954435666081,-32.12,150.86
464,1.0157466499037877,-31.37,150.72
465,1.7096042224432946,-31.07,149.87
466,0.9337306906901296,-29.97,149.97
467,0.13734364340810104,-32.19,150.36
468,0.731013058873221,-31.37,150.72
469,0.9395061067664211,-35.07,150.58
470,0.44819193740140667,-31.75,149.1
471,0.06608844359478062,-32.21,150.36
472,0.2767796001456115,-31.54,150.69
473,0.2982924914715912,-31.87,150.52
474,0.20408411297168533,-30.56,150.05
475,0.4682949277945217,-30.75,150.22
476,0.314836845505779,-32.0,149.98
477,0.28247489295677114,-33.53,150.75
478,0.3265901561408789,-32.68,151.41
479,0.5742194748735681,-31.46,150.38
480,0.5971858840761967,-32.53,150.69
481,3.691576563118257,-29.82,149.76
482,10.13935711279009,-32.07,148.96
483,0.31853513085009544,-33.95,150.58
484,8.881931633556503,-32.13,150.39
485,0.29138182599823165,-32.51,150.09
486,0.6890183572713144,-32.96,151.15
487,8.833607084770994,-30.07,149.79
488,7.865025791240695,-32.18,150.5
489,0.38956075446471145,-34.09,150.53
490,1.0457719835989745,-34.12,150.54
491,0.36678851840024695,-31.19,150.5
492,0.7359958562415357,-30.96,150.06
493,0.818351112163848,-34.35,150.55
494,1.1415939074132997,-31.4,149.77
495,0.8028470720729197,-32.14,148.6
496,0.2987804731884943,-30.98,150.13
497,0.7950187159456057,-29.91,149.79
498,0.11162125635175964,-32.57,150.69
499,0.6993405953726385,-33.07,151.4
500,0.23494963051155213,-34.16,150.52
501,0.1314281922498069,-31.5,150.19
502,1.0276899242846198,-32.51,150.46
503,0.5960875120112994,-34.49,150.29
504,1.7424892594204031,-33.47,150.2
505,0.9883037162081545,-32.75,151.27
506,0.022889336680067214,-31.8,150.66
507,1.0385665900198726,-33.33,150.12
508,1.1301753588117838,-32.63,151.27
509,0.7845088384202114,-31.97,148.82
510,0.3098606950857609,-32.53,150.69
511,0.10720170341243758,-31.02,150.1
512,0.10432964683741597,-32.22,149.76
513,0.6640726558597955,-30.87,149.07
514,6.473371649934938,-30.07,149.84
515,0.06018378589121457,-33.06,151.14
516,3.4536019228468082,-34.58,150.74
517,0.5594751151802112,-32.59,151.97
518,0.23448099905309694,-31.84,150.38
519,0.02648104054985199,-32.52,150.09
520,0.25933608828459015,-34.11,150.56
521,0.7191299267929221,-30.95,150.3
522,6.285980847086701,-32.22,149.76
523,6.159145590561013,-32.55,150.36
524,0.8724702280709073,-30.96,150.29
525,0.5739240235329248,-32.02,150.48
526,1.060930695934624,-32.06,148.73
527,0.5028162166284397,-30.27,149.6
528,0.7052101464039606,-31.97,150.86
529,2.629336226611371,-32.06,150.82
530,0.678282417886389,-30.6,148.93
531,0.6308062823239848,-30.31,149.88
532,0.33462993332700514,-31.45,150.63
533,1.460180140607361,-34.75,150.84
534,0.6091562984961421,-31.58,149.91
535,0.8146885733304352,-30.87,149.07
536,0.37549209268816475,-32.1,150.82
537,0.44161228082885823,-30.14,149.61
538,0.4868119238352376,-33.44,150.89
539,0.9647490289080095,-32.49,150.12
540,1.0477011834303702,-32.54,150.36
541,2.849596264816153,-30.25,149.51
542,2.295202581435177,-32.5,150.12
543,0.9563418674395654,-32.48,150.12
544,1.1596815475899636,-34.5,150.79
545,0.8406888631215198,-32.52,150.12
546,0.9636795499792086,-33.69,150.65
547,1.0204099161776585,-32.53,150.35
548,0.3951358190930841,-30.97,150.29
549,0.518102168603887,-34.46,150.32
550,0.24552151069011002,-30.92,150.26
551,0.9782201761487989,-33.45,151.41
552,0.7171637294025519,-33.72,150.63
553,0.2632804092519443,-34.58,150.71
554,0.9818072631903101,-34.67,150.83
555,1.0093620426800276,-32.03,148.55
556,0.0948720523592864,-34.55,150.23
557,3.987493102633896,-33.46,151.43
558,0.39833174441366165,-30.13,149.56
559,0.1536744054553046,-33.65,150.58
560,2.7317623794762644,-30.36,149.83
561,0.9560802442582256,-34.75,150.81
562,0.9309157008190148,-34.75,150.7
563,0.8725740452439786,-33.08,151.15
564,0.6788689362242917,-34.54,150.36
565,0.1295088268256002,-34.76,150.8
566,0.7106152145898798,-33.12,151.19
567,0.2656113518439196,-35.02,150.83
568,0.44349665375365765,-33.53,150.25
569,0.34547152565002653,-34.63,150.61
570,1.6240277499547224,-34.49,150.81
571,0.46505597888354105,-34.76,150.7
572,1.4990323043589233,-33.58,150.94
573,0.7035726726693957,-34.76,150.67
574,0.7857246550119391,-34.69,150.79
575,1.0879758079457098,-33.31,151.41
576,0.43986946468966986,-33.64,150.31
577,1.008864203823312,-34.5,150.26
578,0.9167528058878173,-34.65,150.16
579,0.40104922608142013,-33.28,151.4
580,0.5113820387552632,-35.07,150.51
581,0.8490230169305386,-34.22,150.54
582,0.22406522811608137,-34.65,150.15
583,0.18297600910671508,-35.02,150.82
584,0.7337476796684563,-35.28,150.49
585,0.16567556039189152,-34.52,150.41
586,0.8051136822116707,-34.75,150.8
587,0.037222967773219505,-33.07,151.71
588,0.5840036459019604,-32.46,151.96
589,0.013817093332875043,-33.22,151.21
590,0.09657155452481946,-34.49,150.57
591,0.8177459657210651,-34.59,150.63
592,0.4055239049638196,-33.22,151.23
593,0.20223904362636622,-33.36,151.23
594,0.5484809359719764,-33.19,151.2
595,0.4736269023760619,-33.0,151.8
596,0.634063347195927,-33.48,151.42
597,0.20689947249133236,-34.55,150.58
598,0.17424767971746952,-33.35,151.2
599,0.3088126590574306,-34.6,150.44
600,0.40618529554970617,-34.52,150.55
601,0.027046294392457603,-34.53,150.57
602,0.5544466563398331,-33.35,151.32
603,0.22969890268138451,-33.41,151.29
604,0.2297733193466099,-33.28,151.22
605,0.8558977381250159,-33.26,151.24
606,0.3461517653423679,-33.4,151.27
607,0.4179941805611416,-33.22,151.18
608,0.3603992325373365,-32.93,151.84
609,0.18663565449815975,-33.4,151.27
610,0.4915387297649562,-33.33,151.27
611,0.3565907960439525,-33.33,151.17
612,0.4425721241642453,-33.24,151.22
613,0.5210936791875147,-33.11,151.64
614,0.5392081670809692,-33.37,151.29
615,0.41645620488263285,-33.25,151.25
616,0.4771925274171094,-34.55,150.64
617,0.43976399632141977,-33.35,151.29
618,0.4967174801523933,-33.35,151.28
619,0.6447065232992263,-33.36,151.2
620,185.27032719266268,-31.1,149.94
621,116.53187718213636,-30.99,150.25
622,87.56366719094072,-32.17,149.93
623,86.33084597439408,-33.58,150.9
624,159.17649471724607,-30.75,149.79
625,29.036553630479055,-31.12,150.47
626,117.07105721591152,-32.65,151.31
627,27.455682386769627,-30.77,149.95
628,24.745617397553474,-32.2,148.99
629,6.029363351215277,-31.76,149.15
630,48.96073692733583,-30.07,149.62
631,7.119693140013564,-30.73,149.8
632,3.8381869193252935,-32.65,151.01
633,6.486783753713509,-31.02,150.06
634,5.021057984213487,-32.36,150.99
635,40.212482274305025,-32.36,150.24
636,41.25400496460082,-31.01,150.1
637,10.590830009716468,-32.38,150.53
638,15.819532417419774,-32.29,150.71
639,8.052555611100262,-32.28,150.69
640,20.637003627358073,-31.0,150.15
641,39.796737131033716,-31.53,149.77
642,16.17788237333647,-32.26,149.87
643,22.20288802933678,-32.56,151.1
644,14.094615010184311,-30.73,149.94
645,2.2947790582532734,-31.17,150.45
646,6.570583866581246,-31.82,149.33
647,2.6923793962565643,-30.76,149.93
648,7.739555856589096,-31.96,149.22
649,7.206812961314285,-32.26,150.45
650,0.7299725247214266,-31.7,149.47
651,16.142637617020664,-32.23,150.43
652,30.8056496826792,-30.98,150.25
653,1.2088065428363366,-30.84,150.25
654,24.589556123343858,-32.18,150.87
655,17.004155819270522,-32.06,148.68
656,4.876219938293138,-31.33,150.46
657,16.11155285440167,-32.1,149.24
658,39.90886046547512,-31.03,150.16
659,2.870026305876318,-32.14,149.22
660,5.537013610794167,-30.15,149.73
661,28.61080427262381,-30.99,150.14
662,39.10638588687751,-31.25,149.62
663,7.130258527895142,-32.27,149.86
664,7.678072845328852,-31.03,150.18
665,2.4679774891639874,-32.29,149.95
666,0.8320519191726905,-34.15,150.69
667,0.6792904116922326,-32.21,150.81
668,24.97479600522451,-32.32,151.95
669,3.0062752493148195,-31.34,149.56
670,0.8054488173615842,-32.29,149.87
671,5.254293970702154,-31.37,149.74
672,35.20900900175761,-31.01,150.14
673,13.748834648649414,-31.96,149.75
674,5.738686861061166,-33.69,150.7
675,1.6298908930039164,-32.11,150.86
676,3.991872481272989,-31.16,149.59
677,2.2337146901841027,-32.79,149.98
678,1.2955306194486027,-32.34,150.13
679,4.3186465776719976,-32.26,149.88
680,6.1064204549973145,-32.35,150.94
681,5.781271392553648,-32.22,150.67
682,5.591286909983895,-31.98,148.58
683,5.699238875442236,-33.41,151.45
684,0.07681881033212498,-32.46,150.7
685,18.89211756471061,-31.13,149.74
686,17.939287252534776,-31.04,149.86
687,7.74666510862959,-33.47,150.2
688,1.3746118651678843,-32.23,150.42
689,5.090028348517754,-33.69,150.7
690,4.942183304457124,-33.57,150.66
691,12.356362778289888,-31.67,148.83
692,4.534302951059581,-34.25,150.72
693,17.176381864016676,-32.22,149.78
694,6.319738915879606,-32.17,150.04
695,15.62961807539639,-31.25,149.38
696,4.57461851089255,-32.19,150.3
697,1.9020232729727118,-32.11,148.55
698,1.4135018582067638,-31.93,149.84
699,1.5415823820704222,-30.9,149.86
700,0.12204897720886766,-32.13,150.27
701,4.5928833467585655,-31.0,150.12
702,0.9149781719912075,-31.9,150.67
703,2.9066415519945266,-29.04,150.25
704,2.636066867017277,-32.29,151.94
705,1.5468883862803706,-33.55,150.85
706,3.783621932229501,-33.03,150.28
707,0.8688329297224696,-31.94,148.64
708,5.188667064218525,-31.48,149.38
709,1.874918076241325,-32.74,151.86
710,0.3853744913673762,-32.24,150.49
711,22.426429278903967,-30.04,149.57
712,0.2596261566541798,-31.85,150.04
713,0.2247503985972678,-31.06,149.85
714,4.200867124440773,-32.16,150.8
715,3.6214947290160127,-30.81,149.83
716,0.752198028396954,-32.87,150.03
717,2.138041055233265,-31.8,149.64
718,0.40580817692239135,-35.1,150.62
719,1.1853711549914094,-32.12,148.61
720,0.8959399740065223,-34.43,150.29
721,2.898369819309786,-32.26,149.9
722,17.787165318121428,-32.49,151.95
723,7.244145123178831,-33.49,150.95
724,1.2573025847756834,-34.04,150.56
725,0.44840741273664697,-34.62,150.78
726,1.2810771982325093,-30.88,149.85
727,12.118788423503565,-32.88,150.03
728,2.8694346338812893,-34.55,150.34
729,4.068023915955056,-32.52,150.67
730,1.4465680936922891,-31.81,149.69
731,1.6240390468351436,-31.17,149.87
732,1.0414738151637541,-33.67,150.68
733,10.49696690671411,-30.7,149.07
734,0.8679621370700993,-32.25,150.49
735,25.899518216880743,-30.24,149.52
736,0.5799933444330936,-33.44,151.45
737,1.4190441813142616,-34.53,150.45
738,3.8866290848112257,-34.04,150.53
739,2.2684115651211045,-35.17,150.57
740,10.435926608964296,-32.22,150.39
741,0.22013801379368322,-32.38,150.14
742,0.6894043694327535,-34.58,150.73
743,0.1014107199028271,-33.99,150.63
744,2.3279295390221564,-31.19,150.51
745,7.19070610400453,-32.59,151.19
746,1.2395859325503316,-34.06,150.54
747,0.005965063859654554,-31.13,150.42
748,1.3677450693109776,-31.0,150.24
749,11.842308335070706,-29.92,149.92
750,0.18925000196433603,-34.23,150.56
751,0.25138248976058086,-34.17,150.55
752,1.433821939954911,-32.16,150.06
753,1.6646960537899205,-30.72,150.19
754,0.41883144192378324,-34.22,150.55
755,3.7707276769224105,-32.01,150.01
756,3.231237263437404,-31.52,150.59
757,3.1566684572977644,-30.29,149.63
758,2.730052215497588,-30.73,149.91
759,1.4740176529452511,-29.01,150.46
760,0.294740871817394,-32.89,151.4
761,0.9441443475202286,-30.16,147.37
762,0.42784079078667236,-30.4,149.76
763,2.1248890521680717,-31.53,150.69
764,2.8628113522975203,-32.37,149.98
765,0.48407638892808835,-30.94,149.89
766,1.8732002132345842,-32.17,150.24
767,0.3860273090033662,-30.33,149.14
768,1.2368467826538636,-30.4,148.66
769,0.8901124192602087,-31.51,150.36
770,0.04281967178992875,-31.97,148.59
771,1.749383659641986,-30.41,149.82
772,0.015452101901581394,-32.07,149.91
773,0.3258407616582094,-32.22,150.39
774,0.07002181513794078,-30.31,148.73
775,1.3994209892765301,-31.5,150.24
776,6.039671501579649,-32.24,150.91
777,0.5699975875773415,-35.46,150.36
778,0.8956081812267777,-33.03,150.26
779,0.07401861738808313,-32.24,150.49
780,1.1235665776767791,-30.47,149.12
781,4.100253513992471,-31.48,150.63
782,0.954485381417617,-32.3,151.94
783,0.42776499842704924,-31.67,149.92
784,0.9439698476370785,-34.52,150.31
785,0.7291385486208125,-31.12,149.88
786,0.41339939148755395,-31.82,149.76
787,3.512994658245185,-32.03,148.56
788,0.953860767735583,-32.14,150.69
789,0.701735575304792,-30.35,149.66
790,0.07708736225931222,-32.12,150.86
791,0.09894286155223657,-34.53,150.16
792,4.768478951391743,-35.2,150.55
793,0.013049918165892054,-34.6,150.3
794,0.02260289476661191,-31.65,149.9
795,6.711930862015962,-29.92,149.9
796,1.013541516396164,-32.24,150.33
797,0.5244324007611767,-32.1,150.86
798,1.5634755643007667,-31.38,150.18
799,0.5129992694682738,-29.84,149.55
800,0.8479086606859434,-29.63,150.19
801,0.7282314836156483,-30.26,149.6
802,1.2869186627742262,-34.09,150.53
803,0.14907360931208286,-30.1,149.7
804,2.4343513064345403,-31.83,150.36
805,0.25937218296130554,-34.05,150.58
806,0.4655181506478169,-34.44,150.5
807,1.2288564317169113,-29.79,149.65
808,0.026926935679733723,-31.39,149.93
809,0.41612735726067457,-31.49,150.18
810,5.389843211512516,-32.54,150.05
811,0.9988170266595409,-34.23,150.62
812,3.0791155179130247,-31.98,150.38
813,0.18987499526948604,-34.23,150.58
814,0.4338414729930781,-34.43,150.34
815,0.8410388171257237,-33.39,151.03
816,1.494385363360525,-31.96,150.05
817,0.07164457203369472,-34.25,150.57
818,0.5093885380301415,-32.81,151.63
819,1.6640310146409887,-32.6,150.99
820,1.117704439899431,-34.51,150.31
821,0.9714058234398403,-30.49,149.52
822,2.8803561306521974,-32.31,149.8
823,0.35040727123703747,-31.57,150.1
824,6.5772162033026795,-31.35,149.12
825,0.09687721755277463,-30.86,149.04
826,0.6885818754623456,-31.3,150.48
827,2.19048312723623,-34.77,150.76
828,1.8507845242470882,-32.04,150.86
829,0.21278564066391864,-28.8,150.64
830,0.19299011584569511,-32.71,151.46
831,0.4291615466710555,-31.21,150.03
832,3.533965695614905,-34.21,150.57
833,0.3161429631740021,-31.8,150.65
834,0.0863534528721435,-31.44,150.63
835,1.376065552053785,-32.26,149.86
836,0.9329881881639716,-34.6,150.3
837,0.8846934580595133,-32.56,150.86
838,5.948352433959565,-30.28,149.59
839,0.49124921074673394,-31.5,150.22
840,0.7918026461066446,-29.47,150.14
841,1.0233579809220168,-31.79,150.25
842,0.7728944062540608,-33.5,150.73
843,0.04014646380093291,-32.14,150.83
844,0.1950089874763262,-31.53,150.38
845,0.018521652300228324,-30.24,149.54
846,0.22040855111854812,-31.5,149.9
847,0.6705946004727277,-33.53,150.63
848,0.8879799279989098,-32.54,150.45
849,0.5302227764864115,-33.58,150.93
850,0.8532684310083108,-32.02,150.61
851,0.6193251709373175,-31.5,149.74
852,0.6398089308335612,-30.13,149.57
853,0.23443877415567818,-31.1,149.83
854,1.2748210147733852,-33.32,150.12
855,0.42741156135803116,-32.18,150.81
856,0.7742655309416099,-29.14,150.78
857,2.3130621010538817,-32.89,150.68
858,1.0922924244502208,-31.01,150.25
859,0.3825226745610138,-31.82,149.54
860,0.6708886557589971,-31.56,150.7
861,1.0906597101816033,-33.57,150.67
862,0.07280622369049947,-31.18,149.27
863,1.1525782711601587,-33.1,151.65
864,0.726563147710156,-34.32,150.57
865,0.2709174165181886,-32.14,148.62
866,2.480673341044145,-34.08,150.54
867,1.3886375100155293,-35.17,150.59
868,0.4593004122029208,-33.41,151.39
869,0.20239195842243451,-35.08,150.69
870,0.8228430505363025,-29.81,150.19
871,0.6863537831844883,-33.47,150.77
872,0.030353374087108528,-33.68,150.93
873,0.06496804502853074,-29.02,150.64
874,0.6848451762560394,-31.5,148.81
875,1.9428663148619083,-33.76,150.63
876,0.0004734950489067347,-34.44,150.4
877,0.3187491031533534,-32.6,151.29
878,0.14227592123349686,-35.02,150.83
879,1.6626264460317217,-35.1,150.69
880,0.5727195945739738,-30.77,150.18
881,0.39836813871769944,-29.07,150.74
882,0.7774160201999294,-34.22,150.56
883,1.6207260334346114,-34.43,150.39
884,0.41914007879384335,-35.08,150.69
885,1.0008474793353639,-33.3,150.12
886,1.0337607828800328,-34.54,150.5
887,0.7225724520204757,-34.5,150.37
888,0.23321598534581772,-34.44,150.39
889,0.43910819758941144,-33.38,151.38
890,0.5895664360250473,-29.1,150.74
891,0.3615029934687099,-32.03,150.8
892,0.3037096898267503,-34.53,150.57
893,0.6118074762157192,-34.69,150.74
894,0.8698493979156354,-33.39,151.02
895,0.3129492766388296,-34.4,150.32
896,0.34969127676412803,-33.58,151.15
897,0.15448033543814949,-33.33,151.24
898,0.16203473496655296,-33.72,151.25
899,0.7715796169643379,-33.23,151.23
900,0.3954255479394567,-34.64,150.44
901,0.2615186119764503,-34.5,150.57
902,0.3402696690938227,-34.52,150.61
903,0.2956987922441518,-35.09,150.68
904,0.4004030915102738,-32.85,151.9
905,0.4374807550656622,-33.41,151.26
906,0.26213070722190035,-34.62,150.46
907,0.25219182019552466,-34.58,150.59
908,0.17644512277776236,-33.38,151.24
909,0.25092984852869227,-33.34,151.19
910,0.4438685472629514,-33.39,151.3
911,0.3937488849831566,-33.37,151.29
912,0.4626721954232165,-33.31,151.19
913,0.3445282366065023,-33.41,151.29
914,0.46165644638542624,-33.36,151.17
915,0.46487865063900075,-33.38,151.29
916,0.41954210450629253,-33.37,151.29
917,0.5524974894011476,-33.3,151.17
918,0.579011231662982,-33.3,151.21
919,0.5095989121728175,-33.31,151.19
920,0.47525033461180055,-33.32,151.24
921,0.5652722048241214,-34.65,150.54
922,0.5104464643955288,-32.76,151.85
923,0.5015958662373473,-33.36,151.28
924,0.5344004407914291,-34.56,150.62
925,0.6249724276461619,-33.31,151.19
926,0.6353652265813357,-33.34,151.25
927,0.6616285190662758,-33.29,151.23
928,0.6239117156073253,-32.83,151.97
929,0.7008419273774813,-32.83,151.98
930,131.19555105518228,-32.23,148.72
931,254.33972071357437,-31.66,150.54
932,141.7968535528542,-30.99,150.25
933,82.00052562077855,-31.0,150.25
934,54.571864427546885,-32.21,149.38
935,17.10807540161995,-30.98,150.25
936,24.288302625881126,-31.0,150.25
937,10.415502746744092,-34.42,150.39
938,70.73125537081796,-30.71,149.96
939,7.239263934409996,-32.13,149.01
940,69.40674526739154,-30.38,150.0
941,3.1356599139714088,-30.06,149.73
942,16.281184752982025,-30.75,150.17
943,10.20551197692214,-32.83,151.36
944,0.9081687206839463,-32.24,148.86
945,27.324119889182967,-31.79,149.32
946,4.325427046687366,-30.37,149.67
947,22.451677168734676,-32.38,150.82
948,7.406190808141769,-30.98,150.12
949,11.882859211185188,-29.56,150.55
950,14.378072557182332,-32.18,150.87
951,4.84997725698125,-32.06,148.6
952,7.453174070427063,-32.93,151.27
953,1.716357009628384,-31.41,149.33
954,12.389258516569083,-31.01,150.2
955,1.5493730222824622,-30.98,150.14
956,2.9739604069291588,-31.87,149.21
957,15.089866847309823,-32.24,150.57
958,4.360785970347349,-32.32,151.96
959,4.685403030956156,-31.03,150.22
960,8.413454304269033,-31.16,150.26
961,5.012323703229376,-31.01,150.21
962,5.310102909648334,-30.98,149.83
963,2.879397550135014,-32.46,149.99
964,37.33010891375537,-34.23,150.77
965,6.5135798229587625,-32.54,150.68
966,6.351288615462493,-32.16,150.83
967,1.1955083108725146,-32.31,151.96
968,6.296989771862058,-31.01,150.24
969,16.989207984052776,-31.01,150.16
970,3.2636592608678674,-32.38,150.93
971,0.9039614298404013,-32.27,150.48
972,6.545255317377189,-32.28,150.86
973,0.07144019351278369,-33.01,150.22
974,4.322235817305303,-31.38,148.89
975,3.0552760653885893,-31.64,150.67
976,5.426036491575688,-30.94,149.68
977,9.350818419428677,-32.24,150.01
978,0.634134901330141,-31.52,150.46
979,5.799850169183534,-34.45,150.47
980,0.8860386076108242,-31.51,149.53
981,3.2701452374884954,-34.26,150.72
982,1.3075652076077207,-30.97,149.83
983,0.3502927225184024,-31.24,149.4
984,5.194242690386146,-30.2,150.05
985,3.6020573456662817,-30.36,148.75
986,3.493864728801119,-30.96,150.04
987,1.262502810964422,-31.42,150.62
988,0.6325555379396384,-31.01,150.21
989,16.734237089833332,-31.82,149.74
990,2.52017884622555,-32.14,148.62
991,8.23284401840263,-31.41,150.5
992,4.343134848924469,-32.32,151.96
993,0.9443468798562326,-30.75,149.88
994,1.2175308966861842,-30.33,149.94
995,3.364161506570319,-30.85,149.92
996,1.454635362968695,-31.81,149.69
997,3.5009646649471207,-32.09,148.63
998,19.711447777409276,-32.41,150.08
999,4.694833725085975,-34.5,150.42
1000,1.1807385177938483,-31.49,149.54
1001,41.468618383559196,-34.52,150.78
1002,3.2166779445050238,-30.12,149.61
1003,0.8821721325964398,-30.2,149.72
1004,16.902901737396785,-33.01,150.16
1005,7.296739137191016,-32.0,148.79
1006,8.475904092406932,-32.2,150.21
1007,0.3440303407159856,-31.22,150.56
1008,6.211468779596783,-31.85,149.76
1009,10.540733034847408,-34.19,150.76
1010,6.550958483099093,-31.01,150.2
1011,0.7737638039034789,-32.45,150.67
1012,6.973400496908993,-31.21,150.45
1013,0.025622117153960233,-32.26,149.87
1014,0.739709317827142,-31.96,148.44
1015,1.3660563478928032,-31.33,150.18
1016,0.09864962893350192,-29.01,150.54
1017,2.818707883421193,-31.78,150.58
1018,1.5437504141340261,-31.4,150.11
1019,1.9479294488580463,-31.3,149.6
1020,2.4366968358390344,-32.25,150.32
1021,3.5148970261771435,-31.9,149.85
1022,12.569901377761294,-32.1,150.11
1023,8.272599199255016,-31.15,150.23
1024,12.892676547821992,-30.88,149.89
1025,1.1009855902308983,-32.06,150.81
1026,12.424384079917877,-30.74,150.17
1027,7.805625488964085,-29.13,150.51
1028,0.9035114758681899,-34.58,150.24
1029,30.370815095535036,-35.1,150.6
1030,3.5626794406504696,-33.57,150.65
1031,4.331501665812077,-34.26,150.65
1032,2.6703763132902933,-33.13,151.47
1033,10.277944135591856,-32.2,150.36
1034,2.302536771619117,-32.49,151.95
1035,0.15714209295356368,-32.58,151.05
1036,1.074869786339586,-32.54,150.33
1037,0.7540885241889171,-32.7,151.46
1038,10.547418312331876,-31.35,150.71
1039,3.983701470418014,-32.25,150.22
1040,3.6534920013387997,-32.24,150.62
1041,1.5804167566740321,-31.11,150.22
1042,15.873525702630896,-32.32,151.95
1043,6.796878292678035,-32.5,151.94
1044,3.3823809060571337,-31.24,149.72
1045,0.7680202421497795,-32.67,151.41
1046,0.2140119807385262,-33.58,150.66
1047,1.1212045336933907,-32.36,150.46
1048,0.5695368887593784,-32.48,150.01
1049,0.2182586558563415,-34.23,150.56
1050,0.17402313053719082,-30.98,149.76
1051,0.3813406607562339,-32.44,150.47
1052,1.9023798665411484,-34.05,150.53
1053,0.42926793101466987,-28.86,150.67
1054,0.2729614848559029,-32.45,149.99
1055,2.7668345535880556,-30.41,149.79
1056,0.3082365962880337,-33.23,149.99
1057,5.998107363254087,-32.15,150.3
1058,0.5606930813772045,-34.58,150.26
1059,0.9645264177887294,-30.4,149.77
1060,6.011425009427589,-30.21,147.37
1061,0.17753140367897605,-31.55,150.69
1062,5.722821543712245,-31.55,150.69
1063,0.1718136304785608,-34.14,150.51
1064,1.038144126425701,-32.15,150.37
1065,4.199889835674757,-31.02,150.17
1066,0.24557168745375482,-30.94,149.78
1067,12.696896480919582,-29.75,149.87
1068,1.9047574957187279,-31.55,150.68
1069,1.9076102059173716,-30.94,150.25
1070,4.1224960210776755,-33.57,150.65
1071,0.5790099679719585,-31.13,149.45
1072,0.3839209523592971,-30.35,149.98
1073,0.3847523680781104,-34.23,150.57
1074,3.984724033766151,-32.23,149.77
1075,0.13974136050248645,-30.25,148.89
1076,0.9097457780945303,-32.66,150.97
1077,0.8447286201673581,-30.93,149.88
1078,0.17695857065131618,-31.93,149.88
1079,1.645795695242161,-34.24,150.54
1080,0.16229637243928122,-30.32,149.83
1081,0.19913187724168363,-30.23,149.93
1082,0.7951868582197502,-32.58,151.05
1083,1.443961661629915,-31.37,150.19
1084,0.3139865919047088,-31.06,149.87
1085,0.2117567304871094,-32.21,149.79
1086,2.208972979514864,-30.98,149.86
1087,0.7824567027732866,-30.73,150.15
1088,0.17061267739265235,-30.14,149.73
1089,0.7037986311806382,-31.48,150.19
1090,0.5217878214044978,-32.15,150.82
1091,0.924283370884673,-32.89,151.19
1092,4.333795460324514,-34.56,150.25
1093,0.7139681019842344,-32.38,149.98
1094,3.002976981797104,-32.56,150.68
1095,0.023627485164079805,-34.22,150.56
1096,2.8124589530661646,-34.64,150.78
1097,0.8194217643288019,-33.24,150.0
1098,0.109601804874059,-32.06,148.58
1099,0.7277697332838886,-30.37,149.64
1100,0.7417339156115498,-34.22,150.55
1101,0.6664311492843925,-31.99,150.89
1102,2.29108154601014,-31.24,150.49
1103,0.6451898777599349,-31.59,150.73
1104,0.42636121121685705,-30.46,149.8
1105,1.5660033029785976,-34.44,150.36
1106,0.5391209169047249,-32.13,150.6
1107,1.8185241993862802,-30.41,149.81
1108,0.7290992037140267,-32.25,148.74
1109,3.954139351977527,-30.02,149.64
1110,0.8418797163173934,-28.79,150.59
1111,0.6426592455350362,-28.9,150.55
1112,0.8030505690870952,-31.6,150.11
1113,0.23390940392835177,-32.75,151.19
1114,0.05678149997420385,-32.24,151.94
1115,0.3593739436224483,-32.51,150.46
1116,0.4039184336103015,-31.45,150.06
1117,0.17861521082087697,-32.56,150.08
1118,0.19854189000605385,-33.05,151.69
1119,8.099975927952064,-31.69,148.99
1120,0.6000686504568709,-32.21,149.78
1121,0.8216403500468707,-30.36,149.96
1122,0.06391254479209377,-34.42,150.32
1123,0.08272539740291723,-34.44,150.51
1124,0.26732920722261133,-34.35,150.61
1125,0.34850977893045526,-30.67,148.98
1126,0.05502209199180689,-32.53,150.1
1127,0.3346133203258086,-30.84,149.07
1128,0.7540614526271666,-30.81,149.86
1129,2.0150974524307563,-31.2,150.44
1130,0.6974321918776744,-32.36,150.54
1131,0.2662092684919249,-32.22,149.77
1132,5.019489612157448,-31.53,150.38
1133,3.3967428637227863,-34.65,150.1
1134,1.494916841251436,-32.54,150.45
1135,0.11661436740994177,-32.87,151.2
1136,0.11844109320299533,-33.42,151.32
1137,0.22939771018011948,-32.46,150.32
1138,0.014078175821640367,-30.53,148.63
1139,0.5166959247124433,-30.31,150.05
1140,0.30384280324207846,-32.18,149.79
1141,1.4977901113733494,-33.63,150.65
1142,1.1606435143516916,-34.06,150.64
1143,0.563151398622011,-30.24,149.87
1144,1.7181359199431228,-34.22,150.55
1145,7.755670020260627,-34.05,150.68
1146,0.2971058948757938,-33.64,150.99
1147,0.11128963321958393,-34.46,150.35
1148,0.028110390478366762,-34.51,150.15
1149,0.9159994153249555,-34.56,150.33
1150,0.8471222208748714,-30.46,149.83
1151,0.8500252327822825,-29.87,150.12
1152,0.6217390309000449,-31.94,150.94
1153,0.03825737427919425,-30.81,150.13
1154,1.879914917412542,-34.1,150.56
1155,0.04957236994546558,-34.09,150.56
1156,0.42870770229912397,-31.39,150.05
1157,0.35481578395367547,-33.6,151.37
1158,2.043841037629083,-31.5,150.23
1159,0.9088462219894586,-35.01,150.58
1160,0.04661307332493412,-33.56,151.39
1161,4.5781724370632,-30.27,149.94
1162,0.0320596205555966,-34.61,150.85
1163,0.28989431857685466,-32.0,150.48
1164,0.060030737617700176,-30.25,149.95
1165,0.1755036246062815,-32.14,148.62
1166,1.9655315528688742,-34.17,150.56
1167,4.259945458720488,-31.53,149.16
1168,0.24812142348523594,-32.55,150.36
1169,0.5016415071418823,-34.59,150.25
1170,0.7308044385572933,-30.51,150.09
1171,0.7525185993447436,-33.69,150.45
1172,0.9002495737764351,-31.88,150.83
1173,0.6865124008085045,-34.05,150.51
1174,0.7709869131779246,-32.12,148.57
1175,0.4095760414603665,-30.12,149.57
1176,2.834629453789371,-32.4,149.9
1177,0.26246365126570714,-30.21,149.52
1178,0.6839655343101136,-33.41,150.99
1179,0.25732030064368205,-30.85,150.21
1180,0.21652921974467546,-30.13,149.55
1181,1.9827656078348952,-34.23,150.54
1182,3.809651905885688,-33.74,150.65
1183,0.7508617253301193,-31.5,149.81
1184,0.06250728206261524,-34.76,150.7
1185,1.0867611217450366,-34.15,150.51
1186,0.6800578978056029,-33.0,151.74
1187,0.7421353457502963,-34.53,150.16
1188,0.7082237354397705,-32.16,149.86
1189,0.939378644427286,-35.02,150.83
1190,0.13616380256382046,-34.54,150.15
1191,2.424657861686633,-30.24,149.51
1192,1.1099705567230322,-32.11,150.81
1193,0.47061451025191275,-34.42,150.32
1194,0.592325851671066,-34.77,150.68
1195,0.5883639663150367,-34.59,150.72
1196,0.9132984519817615,-33.53,150.88
1197,0.8905006061491894,-34.5,150.29
1198,0.8924451942513866,-34.4,150.34
1199,0.19432319541222948,-34.64,150.23
1200,0.6589544965212398,-35.02,150.82
1201,0.4947429827841904,-34.6,150.43
1202,0.536897876292319,-35.07,150.68
1203,0.1134778209109452,-33.41,151.36
1204,0.16401439613931157,-34.78,150.73
1205,0.4233860425986205,-34.46,150.54
1206,0.7056375679090037,-32.75,151.35
1207,0.1240806553724852,-33.55,150.67
1208,0.3333753694514951,-33.33,151.17
1209,0.06614067580703305,-33.71,151.28
1210,0.05734448653273206,-34.53,150.59
1211,0.052451842608986936,-33.3,151.16
1212,0.09169600818733238,-33.23,151.55
1213,0.34500885636568723,-33.22,151.21
1214,0.2038820937604551,-33.3,151.24
1215,0.22616763732240222,-33.3,151.19
1216,0.3858957575414332,-34.53,150.56
1217,0.388238203850832,-33.39,151.29
1218,0.17594807911941493,-33.22,151.21
1219,0.5086693150577073,-33.39,151.29
1220,0.4602058795280173,-34.58,150.58
1221,0.1851917359668989,-33.22,151.22
1222,0.23439091825309183,-33.31,151.19
1223,0.5613838818248662,-33.31,151.2
1224,0.23286318154597543,-33.33,151.17
1225,0.26150078180987174,-33.24,151.24
1226,0.39670919986382686,-33.52,151.29
1227,0.3330485995707287,-33.43,151.0
1228,0.41849468936101214,-33.22,151.2
1229,0.32893782373429703,-33.25,151.22
1230,0.39630393643332246,-33.3,151.16
1231,0.3720893044782292,-34.61,150.53
1232,0.46168337305289325,-33.38,150.96
1233,0.49978133740069774,-33.24,151.22
1234,0.34297803768122453,-33.24,151.24
1235,0.5916225135370946,-33.32,151.18
1236,0.4892401160929278,-34.53,150.6
1237,0.44818434766184967,-33.28,151.21
1238,0.5376604264259366,-33.28,151.29
1239,0.5774537136917519,-33.43,151.3
1240,134.3221277279469,-32.28,150.71
1241,109.71810450468384,-30.57,149.89
1242,100.4915957959602,-32.14,148.79
1243,155.36805831299856,-30.14,149.66
1244,17.96801415628382,-31.42,147.23
1245,24.974443121934684,-30.99,150.25
1246,8.432781566906039,-32.53,150.69
1247,18.708855182603614,-31.48,149.45
1248,49.29053628663774,-31.0,150.15
1249,25.772947919197662,-31.35,149.62
1250,29.691294722852078,-32.65,151.02
1251,22.50628111351993,-31.79,149.28
1252,14.74253814651493,-32.29,149.98
1253,27.80336926457898,-31.01,150.12
1254,5.9131012344364136,-32.16,150.04
1255,7.6488118402243455,-30.98,150.09
1256,18.431664788404078,-31.64,150.59
1257,14.849054536267277,-31.64,150.59
1258,8.645511650420707,-32.21,148.75
1259,10.520619856221597,-31.03,150.16
1260,21.145324690527058,-30.71,150.0
1261,24.34632653561937,-32.25,150.45
1262,61.600928853690476,-32.35,150.98
1263,3.4781135710006406,-31.15,150.53
1264,14.42528449574638,-32.26,150.62
1265,21.568158939732694,-32.24,150.85
1266,19.067175158200012,-32.81,151.37
1267,11.450658330755676,-32.27,149.88
1268,18.765172781542418,-32.39,150.82
1269,13.658690666493728,-32.11,148.64
1270,46.54178330445312,-32.28,149.9
1271,16.89853274954967,-32.25,149.86
1272,8.049077244596154,-31.26,150.51
1273,52.84678310174952,-31.77,149.05
1274,1.7243167335885958,-31.14,150.23
1275,8.156343492861344,-32.01,148.63
1276,43.50748145284313,-32.24,150.58
1277,8.250392360325913,-31.36,149.69
1278,7.42728880828015,-31.0,150.26
1279,2.820503351233914,-30.99,150.14
1280,28.277645646541178,-30.54,149.9
1281,42.21670047295632,-31.09,150.2
1282,1.0798177616340803,-32.05,148.64
1283,34.01556821392404,-31.42,150.48
1284,5.4935336706495,-31.89,148.31
1285,11.350913786985156,-32.34,151.94
1286,59.43814948545246,-32.06,148.64
1287,2.557779244261099,-32.09,148.64
1288,4.387997130272112,-32.18,150.8
1289,3.8517078341201567,-30.72,149.85
1290,0.1167781187216247,-31.26,150.54
1291,4.084960370274744,-30.98,150.24
1292,3.7255705706220144,-32.09,148.62
1293,1.3048239568229465,-32.03,148.64
1294,1.2789895248072232,-32.57,150.95
1295,1.0122310250760793,-31.51,149.5
1296,10.352642460806035,-34.18,150.57
1297,4.769790036393607,-31.51,150.72
1298,6.561219286616439,-34.57,150.41
1299,18.018205369276327,-32.4,150.7
1300,0.8328715282173469,-31.6,150.49
1301,4.483582963762334,-32.23,150.67
1302,17.223285611803316,-32.17,150.04
1303,8.230723994004078,-32.25,150.32
1304,5.4071635999320655,-32.38,151.94
1305,7.8860489052875575,-32.2,150.81
1306,1.1884537531881074,-31.07,150.13
1307,3.3849716640731313,-34.32,150.29
1308,30.232805755377207,-32.28,149.95
1309,3.0263840793378916,-31.02,150.22
1310,1.3399536396208052,-31.8,149.56
1311,0.596990096436735,-31.24,150.48
1312,0.016203718218582092,-31.07,150.1
1313,4.055172923932806,-31.45,150.58
1314,6.157640961648351,-32.99,150.16
1315,3.227206970714706,-33.68,150.58
1316,18.24652562866526,-32.41,150.65
1317,4.0271916411252535,-32.27,149.89
1318,5.101805257981573,-34.53,150.74
1319,1.6340746095471705,-31.68,150.24
1320,7.266663519722455,-32.58,151.05
1321,0.06535422664007323,-32.08,150.8
1322,9.444874694615699,-31.51,150.72
1323,1.0251826960505972,-29.09,150.24
1324,8.284950913665439,-30.83,149.9
1325,1.5726411899939603,-34.51,150.36
1326,8.298528331725976,-32.07,148.59
1327,2.2381317266610536,-29.77,150.05
1328,2.8607466916514794,-31.09,150.19
1329,0.05533453527823027,-32.69,150.05
1330,0.37218519451111165,-31.27,150.51
1331,0.6605033854926247,-33.58,150.9
1332,3.19718874826881,-32.34,150.13
1333,4.394550999398376,-34.48,150.43
1334,13.69897670197519,-33.93,150.63
1335,5.145003445464757,-32.24,150.85
1336,23.94911069554874,-32.53,149.86
1337,1.3919930075218947,-31.61,149.67
1338,3.4415898422972013,-31.03,149.96
1339,0.2872079909854855,-31.26,149.5
1340,0.7999292324649037,-31.15,150.43
1341,1.5652084927214533,-31.63,149.94
1342,9.510068383180723,-31.26,150.47
1343,1.963747773249604,-32.3,151.94
1344,2.242440482638596,-32.5,149.86
1345,0.42089219997587946,-32.35,150.72
1346,2.505484160402271,-32.7,151.42
1347,0.8461499120328614,-32.56,150.38
1348,9.845796579990314,-30.44,149.67
1349,0.066319254604235,-30.95,149.88
1350,1.1649460810018482,-31.39,150.12
1351,6.985802914058751,-32.26,149.89
1352,10.052899165252807,-34.61,150.79
1353,7.1289721515955495,-32.55,150.69
1354,1.2928264610146452,-32.06,148.57
1355,22.958056240185886,-32.5,150.67
1356,0.7929872485325785,-32.44,150.09
1357,2.032750640494965,-32.09,150.86
1358,8.844932828227835,-30.39,149.74
1359,31.166362715773907,-31.99,148.65
1360,1.213156420370968,-34.51,150.38
1361,0.3004927880144335,-31.86,149.19
1362,0.3217421537141763,-34.52,150.24
1363,0.056220437572080756,-30.39,149.78
1364,0.7665336940076828,-30.64,149.9
1365,1.5303264432421553,-32.51,150.8
1366,1.218657453918001,-31.66,148.81
1367,3.0882020897305495,-31.01,150.25
1368,1.5973111411293115,-31.33,150.68
1369,4.803358814032812,-31.95,148.42
1370,1.6301003987953044,-31.08,150.19
1371,2.2877020531265293,-32.53,150.69
1372,0.44064497664216873,-32.36,150.66
1373,0.7033522006710504,-31.78,150.2
1374,2.835157312107762,-30.33,150.01
1375,0.7871291956669413,-33.68,150.79
1376,1.3359890621270798,-31.36,150.73
1377,0.21939808383174553,-31.01,150.24
1378,6.645382282019735,-30.91,149.82
1379,0.5402064818597099,-30.96,149.73
1380,0.9566154492643973,-30.91,150.11
1381,0.038129329346229805,-34.08,150.66
1382,8.86319178320028,-31.59,150.66
1383,0.3889884942399405,-35.45,150.36
1384,0.08969231071799903,-30.98,149.76
1385,0.34898022603207296,-32.42,150.46
1386,1.5391298460975678,-31.46,150.22
1387,2.431900970046508,-30.76,150.27
1388,2.306750764274524,-34.61,150.79
1389,5.450025611357237,-32.19,150.35
1390,0.5363947078835579,-33.53,150.77
1391,2.295694749933113,-34.61,150.75
1392,0.9475377949987073,-33.38,150.62
1393,0.2041455184820466,-35.1,150.6
1394,1.0487904848020786,-31.35,150.72
1395,0.3817767561882668,-32.13,148.61
1396,0.2818009371389984,-31.57,150.64
1397,0.3765828488672433,-32.15,149.85
1398,3.4566388294648913,-30.34,149.98
1399,1.3068230915867611,-31.65,149.62
1400,1.94747320607662,-30.98,149.88
1401,0.8858099172485911,-31.81,149.71
1402,0.5922874853033782,-32.31,150.86
1403,0.5017826207873773,-31.96,148.63
1404,3.279023424020576,-32.51,150.36
1405,0.31101966147219057,-29.19,150.87
1406,0.732082191765194,-32.3,151.94
1407,2.050451803332781,-34.54,150.42
1408,7.983364367365617,-32.14,148.61
1409,0.2390033811197158,-31.52,150.32
1410,2.5282964507535772,-32.21,150.35
1411,0.25479018810325965,-34.27,150.72
1412,0.6233819055709211,-34.52,150.53
1413,0.0179713105788813,-34.51,150.56
1414,4.522343670291937,-28.83,150.4
1415,0.41104963296158625,-34.22,150.56
1416,3.080944415828979,-32.12,148.6
1417,3.5911711550182885,-31.8,150.66
1418,0.1333162992303831,-32.46,150.02
1419,0.10594058023961682,-30.95,150.3
1420,1.6875587860853876,-31.54,150.7
1421,0.04520811262023024,-33.47,150.74
1422,0.44282671635794857,-30.26,149.86
1423,1.117775424693464,-29.19,150.4
1424,1.9204923272429026,-31.5,150.27
1425,0.12129637228268936,-31.98,148.66
1426,4.067736821259578,-31.84,149.91
1427,0.07380225418276773,-34.26,150.61
1428,5.023738031539623,-31.94,148.37
1429,2.7580906603465336,-30.31,149.56
1430,1.7372201084638892,-34.37,150.54
1431,0.36301683736396073,-33.42,150.2
1432,0.5247908467564336,-33.42,150.72
1433,9.04383316630619,-31.47,150.65
1434,0.22560760419239925,-32.24,151.94
1435,0.3318946736102534,-33.25,149.99
1436,0.349909695539327,-30.67,149.08
1437,0.4373249147308302,-32.54,150.08
1438,0.5339799157663483,-32.47,150.48
1439,0.7889345752228705,-31.45,150.66
1440,0.2049806435323344,-32.25,149.82
1441,1.9797897999386296,-33.4,151.44
1442,0.6427080384064313,-31.81,150.62
1443,0.7058460820380354,-31.89,150.46
1444,0.04120521428703111,-31.57,150.74
1445,0.2949258121489995,-33.02,151.16
1446,0.06644963963675928,-34.52,150.73
1447,0.15354407412500717,-32.49,151.06
1448,0.059354104542814555,-32.13,150.6
1449,0.5978600199303128,-32.22,149.77
1450,0.44942451885016704,-30.25,149.96
1451,0.4928236844521584,-32.6,151.97
1452,0.4643638968885203,-31.36,150.66
1453,0.4238670983931212,-31.97,150.02
1454,1.5225727646808966,-31.27,150.49
1455,0.4727582743167171,-32.62,151.27
1456,1.0644066562762924,-28.98,150.31
1457,0.44960687063893984,-31.01,150.21
1458,5.494866061570425,-31.25,149.53
1459,1.9039990138098235,-34.54,150.73
1460,0.3405678060578752,-34.21,150.55
1461,5.639317641057833,-29.47,150.14
1462,1.1673294750821597,-32.21,148.68
1463,0.733608448481257,-31.64,150.28
1464,0.14667353656044316,-34.37,150.54
1465,0.9315912298831389,-33.09,151.49
1466,0.8180221692687849,-33.72,150.62
1467,0.9014849909764613,-30.96,150.32
1468,0.8436792143909092,-31.43,149.96
1469,0.06122186370471771,-34.16,150.53
1470,0.5189883827563766,-31.64,149.9
1471,0.3631325481058674,-30.29,150.07
1472,0.6710436912033048,-31.07,149.98
1473,0.7485675957867897,-32.15,148.62
1474,0.6115235704627694,-34.21,150.53
1475,0.7960489405882137,-31.25,150.48
1476,1.2039206663371849,-31.1,149.77
1477,0.05676125198903752,-31.5,149.71
1478,2.739215522588552,-34.16,150.52
1479,0.9062833404160288,-30.09,149.9
1480,0.22155099192066036,-32.7,151.57
1481,0.4950545587875668,-34.59,150.21
1482,0.4711115197919734,-29.18,150.34
1483,0.8668969257646026,-32.74,151.47
1484,2.3076298739684957,-34.44,150.5
1485,0.8179240119138542,-33.08,151.71
1486,0.7558273468044929,-34.06,150.64
1487,0.4504487823877093,-33.1,151.65
1488,0.09559239584599862,-30.25,149.51
1489,3.5416705827706596,-34.52,150.52
1490,0.4319858468464924,-31.62,149.86
1491,0.04890559016958202,-32.45,150.12
1492,0.8107525835584999,-33.53,151.41
1493,0.55778371648108,-32.5,150.12
1494,0.6157642021791734,-30.69,149.99
1495,0.6253410173248649,-34.45,150.48
1496,0.17127117637352257,-33.3,151.2
1497,0.7061851201565952,-34.55,150.25
1498,0.7024863528759964,-34.59,150.38
1499,0.39817510909416803,-31.0,150.21
1500,0.8353410565490145,-31.41,149.53
1501,0.38473672517568525,-32.55,150.09
1502,0.9328745040230059,-34.17,150.52
1503,0.5492342877479157,-33.41,151.38
1504,0.48976791985897883,-33.39,151.04
1505,0.4807907002727968,-34.59,150.16
1506,1.3682164433481896,-35.02,150.83
1507,0.7360810361175949,-35.09,150.69
1508,0.33081701155468707,-33.45,151.41
1509,0.36908268068878186,-33.41,151.36
1510,0.3607464656746557,-34.54,150.62
1511,0.2311436339762995,-33.24,151.23
1512,0.1831390992428916,-34.71,150.82
1513,0.4161812466042275,-33.48,151.01
1514,0.6579504873786036,-34.55,150.57
1515,0.0876682986692253,-34.64,150.48
1516,0.05692890665108749,-33.32,151.18
1517,0.3694642038088344,-33.31,151.2
1518,0.22457686979677638,-32.98,151.8
1519,0.17797626945202402,-34.54,150.61
1520,0.1338304345510479,-34.52,150.61
1521,0.06473813087519069,-34.54,150.56
1522,0.3570530455653159,-33.06,151.42
1523,0.14364946967802064,-33.76,151.25
1524,0.16382020820425366,-33.31,151.19
1525,0.041246236911142126,-34.62,150.44
1526,0.15293622816525748,-34.53,150.57
1527,0.5422761833882711,-34.61,150.51
1528,0.4613260113616317,-33.34,151.22
1529,0.13011209387097622,-33.61,150.73
1530,0.4972152644233121,-34.53,150.59
1531,0.44231243645961454,-33.23,151.23
1532,0.4833363669550163,-33.31,151.2
1533,0.5214776663534341,-33.37,151.23
1534,0.5411436412558653,-33.37,151.23
1535,0.4735574357915543,-33.5,151.2
1536,0.5183812292787207,-32.93,151.73
1537,0.6698333686916178,-34.53,150.59
1538,0.6201036811240089,-33.26,151.29
1539,0.8172609624174255,-34.55,150.64
1540,0.5943941080677987,-33.39,151.28
1541,0.5743971898977315,-33.29,151.21
1542,0.530838041990137,-33.22,151.22
1543,0.45627835275604617,-34.55,150.63
1544,0.6377545088368567,-33.38,151.23
1545,0.6624119794375184,-32.96,151.85
1546,0.6621722909842916,-33.36,151.2
1547,0.6894751262781048,-33.35,151.2
1548,0.6787999221891308,-32.82,151.98
